{
  "OH$^-$(aq)": {
    "Density /g cm-3": {
      "mean": 1.0754998396108886,
      "stderr": 0.00285534118369204,
      "n_blocks": 13
    },
    "Heat Capacity /kJ mol-1 K-1": {
      "mean": 4.614180882836559,
      "stderr": 0.742114912345612,
      "n_blocks": 13
    },
    "Compressibility /Pa-1": {
      "mean": 2.859052071714588e-10,
      "stderr": 1.965011962365821e-11,
      "n_blocks": 13
    },
    "Bulk Modulus /GPa": {
      "mean": 3.6951576648131144,
      "stderr": 0.2508371814367699,
      "n_blocks": 13
    },
    "Thermal Expansion /K-1": {
      "mean": 0.0004083223701349747,
      "stderr": 0.00017715951835282014,
      "n_blocks": 13
    }
  },
  "OH$^*$(aq)": {
    "Density /g cm-3": {
      "mean": 1.1105376428306528,
      "stderr": 0.0023642807933524366,
      "n_blocks": 13
    },
    "Heat Capacity /kJ mol-1 K-1": {
      "mean": 3.479633844973958,
      "stderr": 0.5542817335801494,
      "n_blocks": 13
    },
    "Compressibility /Pa-1": {
      "mean": 2.531237495366699e-10,
      "stderr": 1.5424251425547527e-11,
      "n_blocks": 13
    },
    "Bulk Modulus /GPa": {
      "mean": 4.111424608527977,
      "stderr": 0.22605524026068985,
      "n_blocks": 13
    },
    "Thermal Expansion /K-1": {
      "mean": 0.0004328609072668353,
      "stderr": 0.0001325617370969051,
      "n_blocks": 13
    }
  }
}