{
  "OH$^-$(aq)": {
    "Density /g cm-3": {
      "mean": 1.0750220847054945,
      "stderr": 0.0028246374483218255,
      "n_blocks": 33
    },
    "Heat Capacity /kJ mol-1 K-1": {
      "mean": 4.15784880761564,
      "stderr": 0.5386530494003668,
      "n_blocks": 33
    },
    "Compressibility /Pa-1": {
      "mean": 2.557226858206382e-10,
      "stderr": 1.8603802391292528e-11,
      "n_blocks": 33
    },
    "Bulk Modulus /GPa": {
      "mean": 4.653924876615159,
      "stderr": 0.3539622639769498,
      "n_blocks": 33
    },
    "Thermal Expansion /K-1": {
      "mean": 0.0002973940680300897,
      "stderr": 0.0001573813318449959,
      "n_blocks": 33
    }
  },
  "OH$^*$(aq)": {
    "Density /g cm-3": {
      "mean": 1.1107971922207414,
      "stderr": 0.0019287162888432612,
      "n_blocks": 33
    },
    "Heat Capacity /kJ mol-1 K-1": {
      "mean": 3.158620941279648,
      "stderr": 0.5150714265845546,
      "n_blocks": 33
    },
    "Compressibility /Pa-1": {
      "mean": 2.449902841111629e-10,
      "stderr": 1.7151912986492728e-11,
      "n_blocks": 33
    },
    "Bulk Modulus /GPa": {
      "mean": 4.885300007304197,
      "stderr": 0.4481295203912593,
      "n_blocks": 33
    },
    "Thermal Expansion /K-1": {
      "mean": 0.0004034659010304094,
      "stderr": 0.0001543131592695704,
      "n_blocks": 33
    }
  }
}