{
  "Be$^{2+}$(aq)": {
    "Density /g cm-3": {
      "mean": 1.0735342435693223,
      "stderr": 0.0019258626764807928,
      "n_blocks": 10
    },
    "Heat Capacity /kJ mol-1 K-1": {
      "mean": 12.997386539299793,
      "stderr": 4.1913172569176576,
      "n_blocks": 10
    },
    "Compressibility /Pa-1": {
      "mean": 1.6071207690281924e-10,
      "stderr": 7.023822317567119e-12,
      "n_blocks": 10
    },
    "Bulk Modulus /GPa": {
      "mean": 6.325263005112001,
      "stderr": 0.2651238619438058,
      "n_blocks": 10
    },
    "Thermal Expansion /K-1": {
      "mean": 0.00019206525993199064,
      "stderr": 0.00013133184683959673,
      "n_blocks": 10
    }
  },
  "BeCl$_2$(aq)": {
    "Density /g cm-3": {
      "mean": 1.0400037168829503,
      "stderr": 0.002117384568657422,
      "n_blocks": 10
    },
    "Heat Capacity /kJ mol-1 K-1": {
      "mean": 8.293192301156136,
      "stderr": 1.9715106927634634,
      "n_blocks": 10
    },
    "Compressibility /Pa-1": {
      "mean": 1.350303205640138e-10,
      "stderr": 1.4627501186095537e-11,
      "n_blocks": 10
    },
    "Bulk Modulus /GPa": {
      "mean": 8.18039815618639,
      "stderr": 0.8435082919345073,
      "n_blocks": 10
    },
    "Thermal Expansion /K-1": {
      "mean": 0.0002152098066505808,
      "stderr": 0.00011041169746390992,
      "n_blocks": 10
    }
  }
}