{
  "Be$^{2+}$(aq)": {
    "Density /g cm-3": {
      "mean": 1.0735342435693225,
      "stderr": 0.0028520722491784706,
      "n_blocks": 4
    },
    "Heat Capacity /kJ mol-1 K-1": {
      "mean": 14.736427344862907,
      "stderr": 6.866858635986228,
      "n_blocks": 4
    },
    "Compressibility /Pa-1": {
      "mean": 1.6571186962300488e-10,
      "stderr": 8.73848597310911e-12,
      "n_blocks": 4
    },
    "Bulk Modulus /GPa": {
      "mean": 6.0853204352133705,
      "stderr": 0.3218488976364023,
      "n_blocks": 4
    },
    "Thermal Expansion /K-1": {
      "mean": 0.00027554130754440576,
      "stderr": 0.00017845548154565133,
      "n_blocks": 4
    }
  },
  "BeCl$_2$(aq)": {
    "Density /g cm-3": {
      "mean": 1.0400037168829503,
      "stderr": 0.0031684076611422423,
      "n_blocks": 4
    },
    "Heat Capacity /kJ mol-1 K-1": {
      "mean": 9.558556300523572,
      "stderr": 4.292251574999781,
      "n_blocks": 4
    },
    "Compressibility /Pa-1": {
      "mean": 1.4161399922845646e-10,
      "stderr": 1.6985062376344147e-11,
      "n_blocks": 4
    },
    "Bulk Modulus /GPa": {
      "mean": 7.465923856781572,
      "stderr": 1.1301210150900844,
      "n_blocks": 4
    },
    "Thermal Expansion /K-1": {
      "mean": 0.0002603211643439953,
      "stderr": 0.00011938434008647798,
      "n_blocks": 4
    }
  }
}