{
  "Be$^{2+}$(aq)": {
    "Density /g cm-3": {
      "mean": 1.060706698431361,
      "stderr": 0.0033688675634074594,
      "n_blocks": 10
    },
    "Heat Capacity /kJ mol-1 K-1": {
      "mean": 9.738925111483848,
      "stderr": 1.896806994132238,
      "n_blocks": 10
    },
    "Compressibility /Pa-1": {
      "mean": 3.149169565301162e-10,
      "stderr": 2.8611602347178007e-11,
      "n_blocks": 10
    },
    "Bulk Modulus /GPa": {
      "mean": 3.450257119207806,
      "stderr": 0.3496045707218511,
      "n_blocks": 10
    },
    "Thermal Expansion /K-1": {
      "mean": 0.00044303039695847197,
      "stderr": 0.00018552795692711624,
      "n_blocks": 10
    }
  },
  "BeCl$_2$(aq)": {
    "Density /g cm-3": {
      "mean": 1.0856088905017738,
      "stderr": 0.004140320801443418,
      "n_blocks": 10
    },
    "Heat Capacity /kJ mol-1 K-1": {
      "mean": 9.614356478313622,
      "stderr": 1.7296716349621883,
      "n_blocks": 10
    },
    "Compressibility /Pa-1": {
      "mean": 2.0572737554262843e-10,
      "stderr": 2.2027898853534973e-11,
      "n_blocks": 10
    },
    "Bulk Modulus /GPa": {
      "mean": 5.405570096116707,
      "stderr": 0.596148577593011,
      "n_blocks": 10
    },
    "Thermal Expansion /K-1": {
      "mean": 0.0002848573850354997,
      "stderr": 0.00011680724619571645,
      "n_blocks": 10
    }
  }
}